"date","steps"
"2025-12-18",8272
"2025-12-17",8139
"2025-12-16",5645
"2025-12-15",18212
"2025-12-14",12113
"2025-12-13",4404
"2025-12-12",13326
"2025-12-11",4654
"2025-12-10",8426
"2025-12-09",4310
"2025-12-08",13796
"2025-12-07",9616
"2025-12-06",9729
"2025-12-05",7355
"2025-12-04",3314
"2025-12-03",5671
"2025-12-02",7900
"2025-12-01",15026
"2025-11-30",6166
"2025-11-29",9586
"2025-11-28",11175
"2025-11-27",9144
"2025-11-26",5168
"2025-11-25",15628
"2025-11-24",15551
"2025-11-23",9448
"2025-11-22",5649
"2025-11-21",11071
"2025-11-20",9729
"2025-11-19",13882
"2025-11-18",7778
"2025-11-17",8702
"2025-11-16",7786
"2025-11-15",9566
"2025-11-14",9084
"2025-11-13",8307
"2025-11-12",11122
"2025-11-11",4063
"2025-11-10",13251
"2025-11-09",6998
"2025-11-08",10174
"2025-11-07",9014
"2025-11-06",10419
"2025-11-05",9061
"2025-11-04",7147
"2025-11-03",1814
"2025-11-02",5836
"2025-11-01",10612
"2025-10-31",3603
"2025-10-30",9087
"2025-10-29",8316
"2025-10-28",7497
"2025-10-27",10369
"2025-10-26",6812
"2025-10-25",5962
"2025-10-24",2775
"2025-10-23",7522
"2025-10-22",6749
"2025-10-21",2936
"2025-10-20",10939
"2025-10-19",6580
"2025-10-18",8719
"2025-10-17",5500
"2025-10-16",10152
"2025-10-15",12363
"2025-10-14",12464
"2025-10-13",7106
"2025-10-12",4760
"2025-10-11",11278
"2025-10-10",9596
"2025-10-09",5945
"2025-10-08",2368
"2025-10-07",2403
"2025-10-06",7889
"2025-10-05",8510
"2025-10-04",11437
"2025-10-03",9487
"2025-10-02",5363
"2025-10-01",6511
"2025-09-30",8423
"2025-09-29",5270
"2025-09-28",9522
"2025-09-27",12811
"2025-09-26",5941
"2025-09-25",12521
"2025-09-24",5371
"2025-09-23",10356
"2025-09-22",9035
"2025-09-21",8871
"2025-09-20",7681
"2025-09-19",10828
"2025-09-18",6002
"2025-09-17",3434
"2025-09-16",10068
"2025-09-15",13052
"2025-09-14",8290
"2025-09-13",9152
"2025-09-12",14910
"2025-09-11",12657
"2025-09-10",16085
"2025-09-09",8567
"2025-09-08",5517
"2025-09-07",5052
"2025-09-06",9954
"2025-09-05",6957
"2025-09-04",4076
"2025-09-03",7040
"2025-09-02",2478
"2025-09-01",9338
"2025-08-31",11929
"2025-08-30",7850
"2025-08-29",9798
"2025-08-28",11028
"2025-08-27",3444
"2025-08-26",9519
"2025-08-25",5409
"2025-08-24",6695
"2025-08-23",8552
"2025-08-22",3958
"2025-08-21",7594
"2025-08-20",10884
"2025-08-19",14938
"2025-08-18",3347
"2025-08-17",9277
"2025-08-16",4033
"2025-08-15",6484
"2025-08-14",14773
"2025-08-13",18571
"2025-08-12",2132
"2025-08-11",7761
"2025-08-10",728
"2025-08-09",1250
"2025-08-08",3142
"2025-08-07",3164
"2025-08-06",5548
"2025-08-05",11911
"2025-08-04",4913
"2025-08-03",6461
"2025-08-02",3519
"2025-08-01",13193
"2025-07-31",12259
"2025-07-30",20938
"2025-07-29",19639
"2025-07-28",5744
"2025-07-27",5904
"2025-07-26",3754
"2025-07-25",7802
"2025-07-24",2594
"2025-07-23",8389
"2025-07-22",3166
"2025-07-21",2098
"2025-07-20",18373
"2025-07-19",3149
"2025-07-18",10290
"2025-07-17",20033
"2025-07-16",35002
"2025-07-15",6090
"2025-07-14",6505
"2025-07-13",7670
"2025-07-12",11967
"2025-07-11",11264
"2025-07-10",4203
"2025-07-09",1906
"2025-07-08",7744
"2025-07-07",18793
"2025-07-06",8952
"2025-07-05",3443
"2025-07-04",9747
"2025-07-03",2440
"2025-07-02",12475
"2025-07-01",9472
"2025-06-30",7629
"2025-06-29",6127
"2025-06-28",8979
"2025-06-27",4460
"2025-06-26",7677
"2025-06-25",17795
"2025-06-24",7132
"2025-06-23",7175
"2025-06-22",7188
"2025-06-21",5087
"2025-06-20",9032
"2025-06-19",11063
"2025-06-18",9165
"2025-06-17",11905
"2025-06-16",8225
"2025-06-15",8153
"2025-06-14",16659
"2025-06-13",7640
"2025-06-12",2515
"2025-06-11",9163
"2025-06-10",5878
"2025-06-09",12312
"2025-06-08",2666
"2025-06-07",11489
"2025-06-06",9629
"2025-06-05",9658
"2025-06-04",7062
"2025-06-03",6215
"2025-06-02",5822
"2025-06-01",10035
"2025-05-31",11507
"2025-05-30",13184
"2025-05-29",8673
"2025-05-28",6796
"2025-05-27",12307
"2025-05-26",10612
"2025-05-25",9071
"2025-05-24",4587
"2025-05-23",9886
"2025-05-22",3854
"2025-05-21",9918
"2025-05-20",12005
"2025-05-19",4338
"2025-05-18",9047
"2025-05-17",3683
"2025-05-16",7094
"2025-05-15",5423
"2025-05-14",8240
"2025-05-13",4978
"2025-05-12",5353
"2025-05-11",11352
"2025-05-10",9737
"2025-05-09",10642
"2025-05-08",8102
"2025-05-07",10514
"2025-05-06",10713
"2025-05-05",9558
"2025-05-04",8313
"2025-05-03",10603
"2025-05-02",10436
"2025-05-01",6437
"2025-04-30",7919
"2025-04-29",8821
"2025-04-28",4963
"2025-04-27",6542
"2025-04-26",22589
"2025-04-25",5625
"2025-04-24",7428
"2025-04-23",6162
"2025-04-22",3432
"2025-04-21",8804
"2025-04-20",3545
"2025-04-19",4676
"2025-04-18",5674
"2025-04-17",7969
"2025-04-16",6718
"2025-04-15",8410
"2025-04-14",7195
"2025-04-13",12894
"2025-04-12",8202
"2025-04-11",14271
"2025-04-10",3505
"2025-04-09",3778
"2025-04-08",1787
"2025-04-07",2189
"2025-04-06",4673
"2025-04-05",6297
"2025-04-04",4118
"2025-04-03",3688
"2025-04-02",2850
"2025-04-01",8680
"2025-03-31",3007
"2025-03-30",8091
"2025-03-29",3532
"2025-03-28",7093
"2025-03-27",4954
"2025-03-26",3280
"2025-03-25",16547
"2025-03-24",7473
"2025-03-23",3790
"2025-03-22",9620
"2025-03-21",3686
"2025-03-20",749
"2025-03-19",3973
"2025-03-18",11968
"2025-03-17",6042
"2025-03-16",4519
"2025-03-15",7143
"2025-03-14",10590
"2025-03-13",5713
"2025-03-12",4528
"2025-03-11",7715
"2025-03-10",2475
"2025-03-09",3831
"2025-03-08",7415
"2025-03-07",3684
"2025-03-06",9058
"2025-03-05",5799
"2025-03-04",13842
"2025-03-03",6695
"2025-03-02",3225
"2025-03-01",6512
"2025-02-28",6725
"2025-02-27",6751
"2025-02-26",5776
"2025-02-25",12395
"2025-02-24",8822
"2025-02-23",7028
"2025-02-22",8912
"2025-02-21",4242
"2025-02-20",7735
"2025-02-19",644
"2025-02-18",9536
"2025-02-17",7522
"2025-02-16",5396
"2025-02-15",6532
"2025-02-14",7845
"2025-02-13",8398
"2025-02-12",8260
"2025-02-11",9887
"2025-02-10",3969
"2025-02-09",4448
"2025-02-08",7468
"2025-02-07",4747
"2025-02-06",8287
"2025-02-05",5894
"2025-02-04",9658
"2025-02-03",5146
"2025-02-02",1843
"2025-02-01",3450
"2025-01-31",2380
"2025-01-30",5546
"2025-01-29",3833
"2025-01-28",10105
"2025-01-27",4513
"2025-01-26",8522
"2025-01-25",1651
"2025-01-24",6678
"2025-01-23",5965
"2025-01-22",6413
"2025-01-21",10815
"2025-01-20",6687
"2025-01-19",18065
"2025-01-18",5731
"2025-01-17",2240
"2025-01-16",7554
"2025-01-15",9152
"2025-01-14",9821
"2025-01-13",4876
"2025-01-12",6344
"2025-01-11",6037
"2025-01-10",8893
"2025-01-09",10867
"2025-01-08",7038
"2025-01-07",5644
"2025-01-06",8679
"2025-01-05",1431
"2025-01-04",1255
"2025-01-03",10974
"2025-01-02",10367
"2025-01-01",2606
"2024-12-31",10588
"2024-12-30",13406
"2024-12-29",6272
"2024-12-28",4545
"2024-12-27",8135
"2024-12-26",8194
"2024-12-25",7663
"2024-12-24",8799
"2024-12-23",4713
"2024-12-22",4087
"2024-12-21",6109
"2024-12-20",8516
"2024-12-19",7372
"2024-12-18",7981
"2024-12-17",4681
"2024-12-16",6429
"2024-12-15",6368
"2024-12-14",4247
"2024-12-13",8713
"2024-12-12",3597
"2024-12-11",5731
"2024-12-10",9601
"2024-12-09",5318
"2024-12-08",5913
"2024-12-07",5148
"2024-12-06",7076
"2024-12-05",5619
"2024-12-04",7641
"2024-12-03",5262
"2024-12-02",7376
"2024-12-01",4341
"2024-11-30",17597
"2024-11-29",6139
"2024-11-28",2317
"2024-11-27",5331
"2024-11-26",5053
"2024-11-25",6948
"2024-11-24",3034
"2024-11-23",13550
"2024-11-22",8753
"2024-11-21",5636
"2024-11-20",9390
"2024-11-19",5008
"2024-11-18",6061
"2024-11-17",2818
"2024-11-16",3448
"2024-11-15",7526
"2024-11-14",6056
"2024-11-13",5673
"2024-11-12",4595
"2024-11-11",5965
"2024-11-10",5242
"2024-11-08",1582
"2024-11-07",4989
"2024-11-06",4404
"2024-11-05",4011
"2024-11-04",7477
"2024-11-03",2752
"2024-11-02",5212
"2024-11-01",8151
"2024-10-31",8935
"2024-10-30",7257
"2024-10-29",6287
"2024-10-28",8828
"2024-10-27",3720
"2024-10-26",6545
"2024-10-25",7120
"2024-10-24",6193
"2024-10-23",12238
"2024-10-22",5590
"2024-10-21",7457
"2024-10-20",31572
"2024-10-19",19367
"2024-10-18",13340
"2024-10-17",37327
"2024-10-16",9217
"2024-10-15",7484
"2024-10-14",9482
"2024-10-13",6734
"2024-10-12",8518
"2024-10-11",9118
"2024-10-10",5381
"2024-10-09",9334
"2024-10-08",9485
"2024-10-07",6373
"2024-10-06",672
"2024-10-05",15734
"2024-10-04",6025
"2024-10-03",5032
"2024-10-02",6554
"2024-10-01",11087
"2024-09-30",11443
"2024-09-29",10803
"2024-09-28",6500
"2024-09-27",10792
"2024-09-26",2366
"2024-09-25",3417
"2024-09-24",5893
"2024-09-23",11064
"2024-09-22",5579
"2024-09-21",6318
"2024-09-20",6399
"2024-09-19",8219
"2024-09-18",6675
"2024-09-17",5393
"2024-09-16",12089
"2024-09-15",6604
"2024-09-14",3868
"2024-09-13",11628
"2024-09-12",1227
"2024-09-11",7844
"2024-09-10",11233
"2024-09-09",12626
"2024-09-08",3731
"2024-09-07",7593
"2024-09-06",6524
"2024-09-05",5998
"2024-09-04",8372
"2024-09-03",3530
"2024-09-02",6345
"2024-09-01",2583
"2024-08-31",8168
"2024-08-30",6400
"2024-08-29",24629
"2024-08-28",24214
"2024-08-27",31779
"2024-08-26",10098
"2024-08-25",11975
"2024-08-24",3073
"2024-08-23",9410
"2024-08-22",10318
"2024-08-21",9575
"2024-08-20",1943
"2024-08-19",12118
"2024-08-18",4981
"2024-08-17",10055
"2024-08-16",10896
"2024-08-15",2516
"2024-08-14",7476
"2024-08-13",5005
"2024-08-12",10127
"2024-08-11",3198
"2024-08-10",3025
"2024-08-09",11491
"2024-08-08",2172
"2024-08-07",6624
"2024-08-06",4156
"2024-08-05",1569
"2024-08-04",4663
"2024-08-03",10822
"2024-08-02",10435
"2024-08-01",6799
"2024-07-31",5666
"2024-07-30",4258
"2024-07-29",6697
"2024-07-28",3311
"2024-07-27",14032
"2024-07-26",14437
"2024-07-25",4552
"2024-07-24",5704
"2024-07-23",4224
"2024-07-22",9735
"2024-07-21",9160
"2024-07-20",6253
"2024-07-19",7730
"2024-07-18",2873
"2024-07-17",11973
"2024-07-16",8548
"2024-07-15",5863
"2024-07-14",8533
"2024-07-13",3976
"2024-07-12",11808
"2024-07-11",10714
"2024-07-10",10596
"2024-07-09",6575
"2024-07-08",8386
"2024-07-07",6583
"2024-07-06",15983
"2024-07-05",28806
"2024-07-04",29520
"2024-07-03",27328
"2024-07-02",6401
"2024-07-01",3083
"2024-06-30",25964
"2024-06-29",4371
"2024-06-28",11050
"2024-06-27",4594
"2024-06-26",9174
"2024-06-25",10163
"2024-06-24",10312
"2024-06-23",3040
"2024-06-22",8214
"2024-06-21",5690
"2024-06-20",4224
"2024-06-18",2987
"2024-06-17",6198
"2024-06-16",6618
"2024-06-15",8312
"2024-06-14",4381
"2024-06-13",3701
"2024-06-12",7416
"2024-06-11",6377
"2024-06-10",23206
"2024-06-09",6427
"2024-06-08",20772
"2024-06-07",5688
"2024-06-06",8270
"2024-06-05",7161
"2024-06-04",4330
"2024-06-03",7264
"2024-06-02",1596
"2024-06-01",6777
"2024-05-31",6681
"2024-05-30",7397
"2024-05-29",8294
"2024-05-28",14636
"2024-05-27",14948
"2024-05-26",8587
"2024-05-25",5687
"2024-05-24",6497
"2024-05-23",11531
"2024-05-22",7529
"2024-05-21",9252
"2024-05-20",15113
"2024-05-19",5301
"2024-05-18",7862
"2024-05-17",10835
"2024-05-16",9224
"2024-05-15",10983
"2024-05-14",11797
"2024-05-13",14962
"2024-05-12",9293
"2024-05-11",4269
"2024-05-10",6902
"2024-05-09",8060
"2024-05-08",7687
"2024-05-07",9825
"2024-05-06",9045
"2024-05-05",7168
"2024-05-04",2938
"2024-05-03",4888
"2024-05-02",6105
"2024-05-01",10476
"2024-04-30",5807
"2024-04-29",7356
"2024-04-28",3061
"2024-04-27",11361
"2024-04-26",9017
"2024-04-25",5582
"2024-04-24",9363
"2024-04-23",7568
"2024-04-22",7058
"2024-04-21",2169
"2024-04-20",4273
"2024-04-19",7682
"2024-04-18",10212
"2024-04-17",4765
"2024-04-16",11134
"2024-04-15",6896
"2024-04-14",18052
"2024-04-13",4646
"2024-04-12",8211
"2024-04-11",7121
"2024-04-10",5972
"2024-04-09",9945
"2024-04-08",10384
"2024-04-07",1475
"2024-04-06",4021
"2024-04-05",8622
"2024-04-04",5823
"2024-04-03",8187
"2024-04-02",8012
"2024-04-01",2612
"2024-03-31",10186
"2024-03-30",6698
"2024-03-29",10792
"2024-03-28",571
"2024-03-27",13495
"2024-03-26",5713
"2024-03-25",6818
"2024-03-24",6972
"2024-03-23",8784
"2024-03-22",10831
"2024-03-21",9195
"2024-03-20",6025
"2024-03-19",3037
"2024-03-18",8702
"2024-03-17",8046
"2024-03-16",3745
"2024-03-15",8995
"2024-03-14",13001
"2024-03-13",3984
"2024-03-12",5122
"2024-03-11",9387
"2024-03-10",13773
"2024-03-09",4705
"2024-03-08",8929
"2024-03-07",6061
"2024-03-06",1957
"2024-03-05",6832
"2024-03-04",640
"2024-03-03",2787
"2024-03-02",4235
"2024-03-01",806
"2024-02-29",817
"2024-02-28",8186
"2024-02-27",6662
"2024-02-26",7333
"2024-02-25",4113
"2024-02-24",4642
"2024-02-23",9246
"2024-02-22",10737
"2024-02-21",8877
"2024-02-20",5899
"2024-02-19",8512
"2024-02-18",10985
"2024-02-17",10560
"2024-02-16",4762
"2024-02-15",5299
"2024-02-14",2554
"2024-02-13",13315
"2024-02-12",10081
"2024-02-11",6811
"2024-02-10",8965
"2024-02-09",8223
"2024-02-08",5025
"2024-02-07",8778
"2024-02-06",5993
"2024-02-05",5705
"2024-02-04",11938
"2024-02-03",4549
"2024-02-02",19199
"2024-02-01",11753
"2024-01-31",3396
"2024-01-30",11779
"2024-01-29",7419
"2024-01-28",5613
"2024-01-27",13391
"2024-01-26",6620
"2024-01-25",5899
"2024-01-24",16622
"2024-01-23",6783
"2024-01-22",15233
"2024-01-21",10010
"2024-01-20",8265
"2024-01-19",10314
"2024-01-18",13631
"2024-01-17",9899
"2024-01-16",9879
"2024-01-15",11877
"2024-01-14",10149
"2024-01-13",8613
"2024-01-12",14882
"2024-01-11",11188
"2024-01-10",9730
"2024-01-09",13895
"2024-01-08",8083
"2024-01-07",12612
"2024-01-06",10103
"2024-01-05",9171
"2024-01-04",15509
"2024-01-03",7766
"2024-01-02",9336
"2024-01-01",11108
"2023-12-31",10923
"2023-12-30",6301
"2023-12-29",11998
"2023-12-28",15438
"2023-12-27",6243
"2023-12-26",9347
"2023-12-25",8675
"2023-12-24",6472
"2023-12-23",17047
"2023-12-22",3782
"2023-12-21",25523
"2023-12-20",5193
"2023-12-19",8747
"2023-12-18",14108
"2023-12-17",8938
"2023-12-16",7213
"2023-12-15",12085
"2023-12-14",13788
"2023-12-13",11849
"2023-12-12",5319
"2023-12-11",12960
"2023-12-10",9254
"2023-12-09",8199
"2023-12-08",12367
"2023-12-07",3560
"2023-12-06",10901
"2023-12-05",8842
"2023-12-04",9422
"2023-12-03",10005
"2023-12-02",7148
"2023-12-01",5171
"2023-11-30",7883
"2023-11-29",7750
"2023-11-28",6730
"2023-11-27",9785
"2023-11-26",8863
"2023-11-25",6815
"2023-11-24",10578
"2023-11-23",14171
"2023-11-22",11090
"2023-11-21",12099
"2023-11-20",5621
"2023-11-19",9460
"2023-11-18",4994
"2023-11-17",10727
"2023-11-16",7000
"2023-11-15",8474
"2023-11-14",9166
"2023-11-13",10163
"2023-11-12",6388
"2023-11-11",9348
"2023-11-10",10906
"2023-11-09",6772
"2023-11-08",7151
"2023-11-07",6831
"2023-11-06",8464
"2023-11-05",16136
"2023-11-04",5224
"2023-11-03",10579
"2023-11-02",7740
"2023-11-01",5493
"2023-10-31",4031
"2023-10-30",11054
"2023-10-29",4077
"2023-10-28",6777
"2023-10-27",9343
"2023-10-26",10385
"2023-10-25",4222
"2023-10-24",14438
"2023-10-23",9228
"2023-10-22",4727
"2023-10-21",7034
"2023-10-20",10472
"2023-10-19",8136
"2023-10-18",9771
"2023-10-17",11031
"2023-10-16",5157
"2023-10-15",2485
"2023-10-14",4906
"2023-10-13",2984
"2023-10-12",25776
"2023-10-11",6107
"2023-10-10",6416
"2023-10-09",3805
"2023-10-08",2271
"2023-10-07",6594
"2023-10-06",15209
"2023-10-05",3287
"2023-10-04",9601
"2023-10-03",12105
"2023-10-02",7787
"2023-10-01",4113
"2023-09-30",5564
"2023-09-29",7650
"2023-09-28",6085
"2023-09-27",14019
"2023-09-26",6748
"2023-09-25",7137
"2023-09-24",4841
"2023-09-23",4308
"2023-09-22",3036
"2023-09-21",7570
"2023-09-20",8325
"2023-09-19",6281
"2023-09-18",11361
"2023-09-17",7638
"2023-09-16",6806
"2023-09-15",7335
"2023-09-14",7790
"2023-09-13",10831
"2023-09-12",7873
"2023-09-11",5555
"2023-09-10",9995
"2023-09-09",560
"2023-09-08",3937
"2023-09-07",8955
"2023-09-06",8039
"2023-09-05",4852
"2023-09-04",9621
"2023-09-03",4404
"2023-09-02",8419
"2023-09-01",1929
"2023-08-31",9153
"2023-08-30",4538
"2023-08-29",5691
"2023-08-28",16682
"2023-08-27",9520
"2023-08-26",8428
"2023-08-25",11108
"2023-08-24",17291
"2023-08-23",20109
"2023-08-22",7781
"2023-08-21",12227
"2023-08-20",11151
"2023-08-19",7822
"2023-08-18",4827
"2023-08-17",5925
"2023-08-16",258
"2023-08-15",5082
"2023-08-14",3711
"2023-08-13",1517
"2023-08-12",2910
"2023-08-11",9906
"2023-08-10",23640
"2023-08-09",24507
"2023-08-08",6656
"2023-08-07",16515
"2023-08-06",13066
"2023-08-05",3687
"2023-08-04",5670
"2023-08-03",4765
"2023-08-02",17913
"2023-08-01",18195
"2023-07-31",8027
"2023-07-30",7547
"2023-07-29",3211
"2023-07-28",27716
"2023-07-27",25801
"2023-07-26",32223
"2023-07-25",20135
"2023-07-24",23078
"2023-07-23",32083
"2023-07-22",25894
"2023-07-21",3752
"2023-07-20",3035
"2023-07-19",8379
"2023-07-18",8590
"2023-07-17",9124
"2023-07-16",8464
"2023-07-15",4582
"2023-07-14",10900
"2023-07-13",12281
"2023-07-12",6374
"2023-07-11",18803
"2023-07-10",5100
"2023-07-09",9810
"2023-07-08",10030
"2023-07-07",7266
"2023-07-06",10116
"2023-07-05",12828
"2023-07-04",8685
"2023-07-03",8653
"2023-07-02",6293
"2023-07-01",9706
"2023-06-30",14936
"2023-06-29",9216
"2023-06-28",11691
"2023-06-27",17022
"2023-06-26",14005
"2023-06-25",6476
"2023-06-24",13855
"2023-06-23",9039
"2023-06-22",20784
"2023-06-21",11908
"2023-06-20",7099
"2023-06-19",12949
"2023-06-18",14304
"2023-06-17",12135
"2023-06-16",6113
"2023-06-15",10196
"2023-06-14",3108
"2023-06-13",8320
"2023-06-12",7872
"2023-06-11",7998
"2023-06-10",8979
"2023-06-09",10259
"2023-06-08",7762
"2023-06-07",6356
"2023-06-06",5809
"2023-06-05",4089
"2023-06-04",7796
"2023-06-03",1630
"2023-06-02",6629
"2023-06-01",1972
"2023-05-31",5906
"2023-05-30",7930
"2023-05-29",10248
"2023-05-28",5878
"2023-05-27",3390
"2023-05-26",1057
"2023-05-25",9404
"2023-05-24",4170
"2023-05-23",4633
"2023-05-22",8860
"2023-05-21",7136
"2023-05-20",9317
"2023-05-19",7842
"2023-05-18",8938
"2023-05-17",7647
"2023-05-16",10213
"2023-05-15",7630
"2023-05-14",4443
"2023-05-13",15107
"2023-05-12",2919
"2023-05-11",9252
"2023-05-10",5472
"2023-05-09",7772
"2023-05-08",3211
"2023-05-07",11105
"2023-05-06",11949
"2023-05-05",527
"2023-05-04",9211
"2023-05-03",4213
"2023-05-02",4037
"2023-05-01",4913
"2023-04-30",7019
"2023-04-29",13913
"2023-04-28",11716
"2023-04-27",8401
"2023-04-26",12686
"2023-04-25",2959
"2023-04-24",6314
"2023-04-23",1238
"2023-04-22",8241
"2023-04-21",5431
"2023-04-20",3763
"2023-04-19",9477
"2023-04-18",6675
"2023-04-17",2792
"2023-04-16",7066
"2023-04-15",11012
"2023-04-14",4712
"2023-04-13",9638
"2023-04-12",5043
"2023-04-11",10707
"2023-04-10",2431
"2023-04-09",6560
"2023-04-08",9555
"2023-04-07",828
"2023-04-06",7323
"2023-04-05",9413
"2023-04-04",10521
"2023-04-03",8775
"2023-04-02",7220
"2023-04-01",10306
"2023-03-31",1011
"2023-03-30",5342
"2023-03-29",10096
"2023-03-28",898
"2023-03-27",15312
"2023-03-26",5990
"2023-03-25",7295
"2023-03-24",7788
"2023-03-23",9022
"2023-03-22",4287
"2023-03-21",8321
"2023-03-20",7591
"2023-03-19",8420
"2023-03-18",4390
"2023-03-17",2174
"2023-03-16",11401
"2023-03-15",7338
"2023-03-14",4420
"2023-03-13",9212
"2023-03-12",4614
"2023-03-11",8367
"2023-03-10",6112
"2023-03-09",10356
"2023-03-08",11758
"2023-03-07",4416
"2023-03-06",9058
"2023-03-05",7965
"2023-03-04",6828
"2023-03-03",10674
"2023-03-02",9395
"2023-03-01",2476
"2023-02-28",7462
"2023-02-27",8607
"2023-02-26",475
"2023-02-25",5205
"2023-02-24",6793
"2023-02-23",7416
"2023-02-22",9153
"2023-02-21",2388
"2023-02-20",7645
"2023-02-19",4597
"2023-02-18",8781
"2023-02-17",10959
"2023-02-16",7671
"2023-02-15",8153
"2023-02-14",6092
"2023-02-13",10762
"2023-02-12",8368
"2023-02-11",6678
"2023-02-10",9082
"2023-02-09",11782
"2023-02-08",5762
"2023-02-07",7563
"2023-02-06",3289
"2023-02-05",4112
"2023-02-04",2741
"2023-02-03",726
"2023-02-02",5650
"2023-02-01",2657
"2023-01-31",7569
"2023-01-30",2207
"2023-01-29",7198
"2023-01-28",7814
"2023-01-27",6415
"2023-01-26",10192
"2023-01-25",3084
"2023-01-24",7960
"2023-01-23",8949
"2023-01-22",9837
"2023-01-21",7692
"2023-01-20",7754
"2023-01-19",6709
"2023-01-18",3292
"2023-01-17",1928
"2023-01-16",6859
"2023-01-15",1263
"2023-01-14",9451
"2023-01-13",8547
"2023-01-12",1649
"2023-01-11",3368
"2023-01-10",9077
"2023-01-09",4545
"2023-01-08",8975
"2023-01-07",10159
"2023-01-06",3989
"2023-01-05",6901
"2023-01-04",9355
"2023-01-03",6883
"2023-01-02",9837
"2023-01-01",6274
"2022-12-31",3897
"2022-12-30",14754
"2022-12-29",8376
"2022-12-28",7575
"2022-12-27",2681
"2022-12-26",9841
"2022-12-25",5692
"2022-12-24",4323
"2022-12-23",7263
"2022-12-22",5859
"2022-12-21",6779
"2022-12-20",6182
"2022-12-19",7711
"2022-12-18",5204
"2022-12-17",6208
"2022-12-16",8987
"2022-12-15",2144
"2022-12-14",8185
"2022-12-13",7873
"2022-12-12",9111
"2022-12-11",9718
"2022-12-10",4450
"2022-12-09",1611
"2022-12-08",4596
"2022-12-07",2856
"2022-12-06",10862
"2022-12-05",3003
"2022-12-04",9672
"2022-12-03",8878
"2022-12-02",10810
"2022-12-01",2972
"2022-11-30",2765
"2022-11-29",3784
"2022-11-28",4863
"2022-11-27",3359
"2022-11-26",12624
"2022-11-25",2689
"2022-11-24",2745
"2022-11-23",5000
"2022-11-22",11800
"2022-11-21",3554
"2022-11-20",7160
"2022-11-19",11043
"2022-11-18",451
"2022-11-17",4527
"2022-11-16",3100
"2022-11-15",5403
"2022-11-14",3459
"2022-11-13",9885
"2022-11-12",12454
"2022-11-11",12864
"2022-11-10",3287
"2022-11-09",3187
"2022-11-08",3335
"2022-11-07",2673
"2022-11-06",9545
"2022-11-05",8874
"2022-11-04",2334
"2022-11-03",5028
"2022-11-02",5519
"2022-11-01",14390
"2022-10-31",3850
"2022-10-30",8302
"2022-10-29",6080
"2022-10-28",3158
"2022-10-27",3387
"2022-10-26",1476
"2022-10-25",2777
"2022-10-24",10713
"2022-10-23",1743
"2022-10-22",11318
"2022-10-21",6414
"2022-10-20",6398
"2022-10-19",3456
"2022-10-18",14275
"2022-10-17",10508
"2022-10-16",3490
"2022-10-15",1872
"2022-10-14",4422
"2022-10-13",12471
"2022-10-12",7595
"2022-10-11",11671
"2022-10-10",10294
"2022-10-09",6020
"2022-10-08",4862
"2022-10-07",10369
"2022-10-06",9105
"2022-10-05",10545
"2022-10-04",8240
"2022-10-03",12649
"2022-10-02",3676
"2022-10-01",2265
"2022-09-30",4328
"2022-09-29",7866
"2022-09-28",8455
"2022-09-27",6162
"2022-09-26",6302
"2022-09-25",6960
"2022-09-24",5058
"2022-09-23",195
"2022-09-22",7952
"2022-09-21",5478
"2022-09-20",5054
"2022-09-19",6829
"2022-09-18",9048
"2022-09-17",3964
"2022-09-16",10697
"2022-09-15",11159
"2022-09-14",11336
"2022-09-13",5512
"2022-09-12",1172
"2022-09-11",474
"2022-09-10",5968
"2022-09-09",13005
"2022-09-08",6083
"2022-09-07",7264
"2022-09-06",7151
"2022-09-05",7765
"2022-09-04",10986
"2022-09-03",5782
"2022-09-02",8205
"2022-09-01",2938
"2022-08-31",3780
"2022-08-30",6988
"2022-08-29",1713
"2022-08-28",3283
"2022-08-27",12032
"2022-08-26",1247
"2022-08-25",9980
"2022-08-24",19864
"2022-08-23",5601
"2022-08-22",4751
"2022-08-21",8879
"2022-08-20",3781
"2022-08-19",15630
"2022-08-18",50
"2022-08-17",8690
"2022-08-16",6135
"2022-08-15",206
"2022-08-14",7027
"2022-08-13",11321
"2022-08-12",5534
"2022-08-11",476
"2022-08-10",623
"2022-08-09",4887
"2022-08-08",4904
"2022-08-07",6391
"2022-08-06",8403
"2022-08-05",10458
"2022-08-04",5606
"2022-08-03",761
"2022-08-02",6239
"2022-08-01",9425
"2022-07-31",8012
"2022-07-30",4566
"2022-07-29",8650
"2022-07-28",5179
"2022-07-27",5657
"2022-07-26",5048
"2022-07-25",4713
"2022-07-24",10913
"2022-07-23",11000
"2022-07-22",4627
"2022-07-21",9292
"2022-07-20",7108
"2022-07-19",6099
"2022-07-18",347
"2022-07-17",7451
"2022-07-16",13739
"2022-07-15",16516
"2022-07-14",15360
"2022-07-13",15900
"2022-07-12",3096
"2022-07-11",4382
"2022-07-10",7758
"2022-07-09",4764
"2022-07-08",6520
"2022-07-07",1625
"2022-07-06",4121
"2022-07-05",499
"2022-07-04",11429
"2022-07-03",8303
"2022-07-02",9431
"2022-07-01",3336
"2022-06-30",10104
"2022-06-29",251
"2022-06-28",2261
"2022-06-27",4802
"2022-06-26",3680
"2022-06-25",5512
"2022-06-24",9871
"2022-06-23",10667
"2022-06-22",6870
"2022-06-21",5094
"2022-06-20",14296
"2022-06-19",6458
"2022-06-18",6249
"2022-06-17",8489
"2022-06-16",6037
"2022-06-15",5080
"2022-06-14",6568
"2022-06-13",7374
"2022-06-12",6767
"2022-06-11",7055
"2022-06-10",6196
"2022-06-09",1419
"2022-06-08",8958
"2022-06-07",4437
"2022-06-06",7729
"2022-06-05",11154
"2022-06-04",5913
"2022-06-03",4789
"2022-06-02",6820
"2022-06-01",7613
"2022-05-31",6142
"2022-05-30",10247
"2022-05-29",4127
"2022-05-28",5257
"2022-05-27",2173
"2022-05-26",2706
"2022-05-25",6899
"2022-05-24",3146
"2022-05-23",9353
"2022-05-22",5381
"2022-05-21",4505
"2022-05-20",5285
"2022-05-19",9012
"2022-05-18",5900
"2022-05-17",6817
"2022-05-16",11325
"2022-05-15",6006
"2022-05-14",10924
"2022-05-13",2686
"2022-05-12",10948
"2022-05-11",6622
"2022-05-10",9225
"2022-05-09",3075
"2022-05-08",946
"2022-05-07",3608
"2022-05-06",6108
"2022-05-05",4548
"2022-05-04",10391
"2022-05-03",4317
"2022-05-02",10754
"2022-05-01",14862
"2022-04-30",12564
"2022-04-29",193
"2022-04-28",9054
"2022-04-27",11396
"2022-04-26",5653
"2022-04-25",4915
"2022-04-24",8373
"2022-04-23",8928
"2022-04-22",3402
"2022-04-21",12493
"2022-04-20",14604
"2022-04-19",8453
"2022-04-18",2649
"2022-04-17",7700
"2022-04-16",1763
"2022-04-15",6657
"2022-04-14",7317
"2022-04-13",10606
"2022-04-12",4680
"2022-04-11",6975
"2022-04-10",6051
"2022-04-09",4957
"2022-04-08",3103
"2022-04-07",15983
"2022-04-06",11353
"2022-04-05",6701
"2022-04-04",12998
"2022-04-03",7158
"2022-04-02",8218
"2022-04-01",6782
"2022-03-31",6675
"2022-03-30",10368
"2022-03-29",15377
"2022-03-28",5156
"2022-03-27",9079
"2022-03-26",9599
"2022-03-25",11576
"2022-03-24",11022
"2022-03-23",3003
"2022-03-22",9588
"2022-03-21",7234
"2022-03-20",5148
"2022-03-19",9047
"2022-03-18",1201
"2022-03-17",2720
"2022-03-16",9671
"2022-03-15",12197
"2022-03-14",83
"2022-03-13",7734
"2022-03-12",21518
"2022-03-11",6951
"2022-03-10",7710
"2022-03-09",3960
"2022-03-08",5767
"2022-03-07",101
"2022-03-06",5986
"2022-03-05",10024
"2022-03-04",5002
"2022-03-03",8178
"2022-03-02",5008
"2022-03-01",10830
"2022-02-28",5424
"2022-02-27",12218
"2022-02-26",6842
"2022-02-25",4869
"2022-02-24",9266
"2022-02-23",8615
"2022-02-22",6519
"2022-02-21",4927
"2022-02-20",5578
"2022-02-19",17951
"2022-02-18",10920
"2022-02-17",9223
"2022-02-16",3747
"2022-02-15",6952
"2022-02-14",2241
"2022-02-13",8592
"2022-02-12",13726
"2022-02-11",3180
"2022-02-10",8183
"2022-02-09",1094
"2022-02-08",9270
"2022-02-07",229
"2022-02-06",6428
"2022-02-05",13691
"2022-02-04",102
"2022-02-03",8972
"2022-02-02",5036
"2022-02-01",9591
"2022-01-31",481
"2022-01-30",10143
"2022-01-29",5332
"2022-01-28",1151
"2022-01-27",2930
"2022-01-26",10151
"2022-01-25",10587
"2022-01-24",8987
"2022-01-23",1829
"2022-01-22",10695
"2022-01-21",5554
"2022-01-20",9931
"2022-01-19",5546
"2022-01-18",11681
"2022-01-17",12938
"2022-01-16",8090
"2022-01-15",17610
"2022-01-14",13225
"2022-01-13",13550
"2022-01-12",529
"2022-01-11",10386
"2022-01-10",7013
"2022-01-09",8997
"2022-01-08",7867
"2022-01-07",8282
"2022-01-06",8710
"2022-01-05",4778
"2022-01-04",12693
"2022-01-03",9987
"2022-01-02",9483
"2022-01-01",15115
"2021-12-31",7274
"2021-12-30",8802
"2021-12-29",9417
"2021-12-28",8553
"2021-12-27",16504
"2021-12-26",5976
"2021-12-25",7734
"2021-12-24",7283
"2021-12-23",8192
"2021-12-22",6939
"2021-12-21",3442
"2021-12-20",13570
"2021-12-19",1430
"2021-12-18",5200
"2021-12-17",6402
"2021-12-16",9711
"2021-12-15",7393
"2021-12-14",7327
"2021-12-13",3528
"2021-12-12",4034
"2021-12-11",3337
"2021-12-10",2612
"2021-12-09",8574
"2021-12-08",9644
"2021-12-07",8655
"2021-12-06",8149
"2021-12-05",9960
"2021-12-04",493
"2021-12-03",8112
"2021-12-02",9627
"2021-12-01",1424
"2021-11-30",9551
"2021-11-29",7947
"2021-11-28",7675
"2021-11-27",12200
"2021-11-26",7457
"2021-11-25",9420
"2021-11-24",5499
"2021-11-23",10713
"2021-11-22",10897
"2021-11-21",6323
"2021-11-20",6417
"2021-11-19",10831
"2021-11-18",10238
"2021-11-17",4388
"2021-11-16",9690
"2021-11-15",7600
"2021-11-14",3020
"2021-11-13",5872
"2021-11-12",9229
"2021-11-11",1718
"2021-11-10",4560
"2021-11-09",8589
"2021-11-08",9015
"2021-11-07",6528
"2021-11-06",5989
"2021-11-05",2022
"2021-11-04",9601
"2021-11-03",4776
"2021-11-02",11691
"2021-11-01",5733
"2021-10-31",6346
"2021-10-30",6023
"2021-10-29",6510
"2021-10-28",11628
"2021-10-27",11679
"2021-10-26",11618
"2021-10-25",5123
"2021-10-24",8390
"2021-10-23",3168
"2021-10-22",7129
"2021-10-21",10705
"2021-10-20",6807
"2021-10-19",11202
"2021-10-18",4092
"2021-10-17",10019
"2021-10-16",3304
"2021-10-15",6977
"2021-10-14",14400
"2021-10-13",7304
"2021-10-12",25697
"2021-10-11",11678
"2021-10-10",5221
"2021-10-09",7040
"2021-10-08",5851
"2021-10-07",13022
"2021-10-06",8375
"2021-10-05",11799
"2021-10-04",1313
"2021-10-03",6468
"2021-10-02",13439
"2021-10-01",5999
"2021-09-30",8313
"2021-09-29",6373
"2021-09-28",10111
"2021-09-27",4569
"2021-09-26",5884
"2021-09-25",7616
"2021-09-24",7239
"2021-09-23",3944
"2021-09-22",20930
"2021-09-21",5776
"2021-09-20",9568
"2021-09-19",8530
"2021-09-18",2290
"2021-09-17",6827
"2021-09-16",7906
"2021-09-15",7727
"2021-09-14",6650
"2021-09-13",982
"2021-09-12",9196
"2021-09-11",12041
"2021-09-10",4289
"2021-09-09",6566
"2021-09-08",15647
"2021-09-07",9681
"2021-09-06",8342
"2021-09-05",9933
"2021-09-04",13793
"2021-09-03",11891
"2021-09-02",10032
"2021-09-01",6646
"2021-08-31",7673
"2021-08-30",4703
"2021-08-29",3151
"2021-08-28",13681
"2021-08-27",5330
"2021-08-26",5737
"2021-08-25",4324
"2021-08-24",12439
"2021-08-23",8115
"2021-08-22",9463
"2021-08-21",4822
"2021-08-20",11587
"2021-08-19",9441
"2021-08-18",11713
"2021-08-17",4599
"2021-08-16",3912
"2021-08-15",5609
"2021-08-14",4253
"2021-08-13",11902
"2021-08-12",32627
"2021-08-11",14865
"2021-08-10",3144
"2021-08-09",7961
"2021-08-08",10945
"2021-08-07",1981
"2021-08-06",10346
"2021-08-05",10927
"2021-08-04",12930
"2021-08-03",12055
"2021-08-02",5591
"2021-08-01",4780
"2021-07-31",11449
"2021-07-30",3637
"2021-07-29",5919
"2021-07-28",8630
"2021-07-27",3328
"2021-07-26",12070
"2021-07-25",26513
"2021-07-24",21185
"2021-07-23",12638
"2021-07-22",1559
"2021-07-21",5572
"2021-07-20",6029
"2021-07-19",5758
"2021-07-18",11460
"2021-07-17",11729
"2021-07-16",9973
"2021-07-15",4631
"2021-07-14",5713
"2021-07-13",5954
"2021-07-12",8829
"2021-07-11",12953
"2021-07-10",13157
"2021-07-09",10319
"2021-07-08",7239
"2021-07-07",10455
"2021-07-06",1658
"2021-07-05",608
"2021-07-04",3856
"2021-07-03",8666
"2021-07-02",2655
"2021-07-01",425
"2021-06-30",1728
"2021-06-29",7168
"2021-06-28",2438
"2021-06-27",12954
"2021-06-26",17394
"2021-06-25",1561
"2021-06-24",5835
"2021-06-23",9706
"2021-06-22",4609
"2021-06-21",9866
"2021-06-20",9710
"2021-06-19",3197
"2021-06-18",4570
"2021-06-17",6974
"2021-06-16",6119
"2021-06-15",6878
"2021-06-14",8130
"2021-06-13",10881
"2021-06-12",11556
"2021-06-11",9625
"2021-06-10",16328
"2021-06-09",9494
"2021-06-08",3560
"2021-06-07",6705
"2021-06-06",8095
"2021-06-05",7485
"2021-06-04",10004
"2021-06-03",3157
"2021-06-02",4532
"2021-06-01",12239
"2021-05-31",4711
"2021-05-30",8742
"2021-05-29",6918
"2021-05-28",4600
"2021-05-27",1583
"2021-05-26",10543
"2021-05-25",10838
"2021-05-24",5777
"2021-05-23",4447
"2021-05-22",15888
"2021-05-21",7526
"2021-05-20",5966
"2021-05-19",4149
"2021-05-18",3882
"2021-05-17",10663
"2021-05-16",508
"2021-05-15",23016
"2021-05-14",5148
"2021-05-13",9896
"2021-05-12",6490
"2021-05-11",3975
"2021-05-10",908
"2021-05-09",5949
"2021-05-08",5304
"2021-05-07",241
"2021-05-06",690
"2021-05-05",2384
"2021-05-04",10355
"2021-05-03",4090
"2021-05-02",12719
"2021-05-01",8595
"2021-04-30",3933
"2021-04-29",4643
"2021-04-28",5889
"2021-04-27",4007
"2021-04-26",8834
"2021-04-25",3321
"2021-04-24",8069
"2021-04-23",2003
"2021-04-22",5273
"2021-04-21",5518
"2021-04-20",4937
"2021-04-19",2804
"2021-04-18",11037
"2021-04-17",4622
"2021-04-16",5961
"2021-04-15",4153
"2021-04-14",8189
"2021-04-13",3755
"2021-04-12",6358
"2021-04-11",5315
"2021-04-10",8826
"2021-04-09",134
"2021-04-08",3881
"2021-04-07",11136
"2021-04-06",4191
"2021-04-05",6861
"2021-04-04",10501
"2021-04-03",10683
"2021-04-02",7887
"2021-04-01",9797
"2021-03-31",8221
"2021-03-30",6145
"2021-03-29",7490
"2021-03-28",9674
"2021-03-27",9186
"2021-03-26",14372
"2021-03-25",3010
"2021-03-24",4539
"2021-03-23",8117
"2021-03-22",3340
"2021-03-21",923
"2021-03-20",3020
"2021-03-19",2082
"2021-03-18",14941
"2021-03-17",4399
"2021-03-16",10012
"2021-03-15",6829
"2021-03-14",3154
"2021-03-13",15893
"2021-03-12",5402
"2021-03-11",21653
"2021-03-10",7397
"2021-03-09",2435
"2021-03-08",4227
"2021-03-07",4793
"2021-03-06",9590
"2021-03-05",1289
"2021-03-04",9543
"2021-03-03",4167
"2021-03-02",5604
"2021-03-01",1969
"2021-02-28",8037
"2021-02-27",6406
"2021-02-26",3678
"2021-02-25",4523
"2021-02-24",5619
"2021-02-23",2333
"2021-02-22",10527
"2021-02-21",6360
"2021-02-20",14279
"2021-02-19",8195
"2021-02-18",7535
"2021-02-17",14310
"2021-02-16",10058
"2021-02-15",10405
"2021-02-14",6068
"2021-02-13",12531
"2021-02-12",4509
"2021-02-11",9253
"2021-02-10",16042
"2021-02-09",6682
"2021-02-08",7074
"2021-02-07",10764
"2021-02-06",8682
"2021-02-05",4462
"2021-02-04",9899
"2021-02-03",10286
"2021-02-02",11031
"2021-02-01",4124
"2021-01-31",9184
"2021-01-30",10752
"2021-01-29",5906
"2021-01-28",9305
"2021-01-27",17411
"2021-01-26",4250
"2021-01-25",10974
"2021-01-24",10515
"2021-01-23",2578
"2021-01-22",7905
"2021-01-21",4096
"2021-01-20",8931
"2021-01-19",5760
"2021-01-18",6811
"2021-01-17",6980
"2021-01-16",8435
"2021-01-15",17259
"2021-01-14",10541
"2021-01-13",11908
"2021-01-12",4965
"2021-01-11",1285
"2021-01-10",4648
"2021-01-09",11182
"2021-01-08",3263
"2021-01-07",10372
"2021-01-06",5426
"2021-01-05",11932
"2021-01-04",5132
"2021-01-03",9581
"2021-01-02",7149
"2021-01-01",11294
"2020-12-31",10850
"2020-12-30",15325
"2020-12-29",15102
"2020-12-28",8926
"2020-12-27",8119
"2020-12-26",12832
"2020-12-25",10275
"2020-12-24",10534
"2020-12-23",10717
"2020-12-22",8231
"2020-12-21",8903
"2020-12-20",13088
"2020-12-19",15276
"2020-12-18",4670
"2020-12-17",11562
"2020-12-16",6183
"2020-12-15",8352
"2020-12-14",9958
"2020-12-13",12903
"2020-12-12",6906
"2020-12-11",9653
"2020-12-10",5233
"2020-12-09",6852
"2020-12-08",6883
"2020-12-07",5362
"2020-12-06",7435
"2020-12-05",9786
"2020-12-04",6256
"2020-12-03",4784
"2020-12-02",7831
"2020-12-01",1758
"2020-11-30",6950
"2020-11-29",8922
"2020-11-28",10075
"2020-11-27",8649
"2020-11-26",9544
"2020-11-25",7102
"2020-11-24",3261
"2020-11-23",3364
"2020-11-22",4659
"2020-11-21",9984
"2020-11-20",3821
"2020-11-19",6974
"2020-11-18",8584
"2020-11-17",9002
"2020-11-16",5968
"2020-11-15",6542
"2020-11-14",3074
"2020-11-13",6090
"2020-11-12",4407
"2020-11-11",8647
"2020-11-10",7698
"2020-11-09",3007
"2020-11-08",2810
"2020-11-07",9271
"2020-11-06",4945
"2020-11-05",1726
"2020-11-04",6460
"2020-11-03",8760
"2020-11-02",4561
"2020-11-01",10852
"2020-10-31",4532
"2020-10-30",2426
"2020-10-29",7865
"2020-10-28",1356
"2020-10-27",5708
"2020-10-26",6350
"2020-10-25",6016
"2020-10-24",9771
"2020-10-23",6726
"2020-10-22",10238
"2020-10-21",9855
"2020-10-20",18699
"2020-10-19",7674
"2020-10-18",10295
"2020-10-17",12042
"2020-10-16",6346
"2020-10-15",8095
"2020-10-14",12216
"2020-10-13",6124
"2020-10-12",6297
"2020-10-11",8903
"2020-10-10",8005
"2020-10-09",3747
"2020-10-08",9399
"2020-10-07",8933
"2020-10-06",8299
"2020-10-05",19966
"2020-10-04",11215
"2020-10-03",11268
"2020-10-02",4466
"2020-10-01",8501
"2020-09-30",1887
"2020-09-29",8929
"2020-09-28",1303
"2020-09-27",6710
"2020-09-26",3001
"2020-09-25",6525
"2020-09-24",2745
"2020-09-23",2900
"2020-09-22",2558
"2020-09-21",300
"2020-09-20",2808
"2020-09-19",5213
"2020-09-18",157
"2020-09-17",372
"2020-09-16",5707
"2020-09-15",5975
"2020-09-14",1213
"2020-09-13",3398
"2020-09-12",5450
"2020-09-11",2212
"2020-09-10",6249
"2020-09-09",2671
"2020-09-08",7795
"2020-09-07",4185
"2020-09-06",4530
"2020-09-05",9055
"2020-09-04",1327
"2020-09-03",18694
"2020-09-02",4414
"2020-09-01",8813
"2020-08-31",12696
"2020-08-30",5896
"2020-08-29",10502
"2020-08-28",6152
"2020-08-27",1030
"2020-08-26",10757
"2020-08-25",11776
"2020-08-24",13584
"2020-08-23",7234
"2020-08-22",3474
"2020-08-21",1575
"2020-08-20",5852
"2020-08-19",7080
"2020-08-18",1725
"2020-08-17",2721
"2020-08-16",6096
"2020-08-15",7415
"2020-08-14",522
"2020-08-13",3876
"2020-08-12",639
"2020-08-11",18527
"2020-08-10",6226
"2020-08-09",7044
"2020-08-08",11138
"2020-08-07",1771
"2020-08-06",4458
"2020-08-05",6990
"2020-08-04",8238
"2020-08-03",9209
"2020-08-02",7271
"2020-08-01",11853
"2020-07-31",6869
"2020-07-30",3061
"2020-07-29",8460
"2020-07-28",10495
"2020-07-27",1416
"2020-07-26",11136
"2020-07-25",10211
"2020-07-24",11010
"2020-07-23",5041
"2020-07-22",3694
"2020-07-21",2537
"2020-07-20",5499
"2020-07-19",4150
"2020-07-18",7125
"2020-07-17",1258
"2020-07-16",6522
"2020-07-15",3448
"2020-07-14",7000
"2020-07-13",8289
"2020-07-12",595
"2020-07-11",2009
"2020-07-10",10997
"2020-07-09",5244
"2020-07-08",9364
"2020-07-07",8384
"2020-07-06",7762
"2020-07-05",1896
"2020-07-04",5187
"2020-07-03",4129
"2020-07-02",9016
"2020-07-01",4706
"2020-06-30",4314
"2020-06-29",1479
"2020-06-28",2026
"2020-06-27",7937
"2020-06-26",684
"2020-06-25",2129
"2020-06-24",3849
"2020-06-23",14665
"2020-06-22",1240
"2020-06-21",5465
"2020-06-20",27842
"2020-06-19",8211
"2020-06-18",12292
"2020-06-17",5414
"2020-06-16",12986
"2020-06-15",6769
"2020-06-14",11755
"2020-06-13",774
"2020-06-12",4823
"2020-06-11",9879
"2020-06-10",6725
"2020-06-09",1679
"2020-06-08",9621
"2020-06-07",10641
"2020-06-06",7136
"2020-06-05",1305
"2020-06-04",1322
"2020-06-03",5512
"2020-06-02",12196
"2020-06-01",1380
"2020-05-31",7982
"2020-05-30",3315
"2020-05-29",7887
"2020-05-28",5180
"2020-05-27",4716
"2020-05-26",3347
"2020-05-25",5836
"2020-05-24",10081
"2020-05-23",6171
"2020-05-22",704
"2020-05-21",7818
"2020-05-20",12318
"2020-05-19",6848
"2020-05-18",3289
"2020-05-17",11699
"2020-05-16",3356
"2020-05-15",8271
"2020-05-14",9348
"2020-05-13",10365
"2020-05-12",8833
"2020-05-11",7384
"2020-05-10",9386
"2020-05-09",3929
"2020-05-08",3170
"2020-05-07",7798
"2020-05-06",2018
"2020-05-05",3684
"2020-05-04",7243
"2020-05-03",8603
"2020-05-02",10010
"2020-05-01",1391
"2020-04-30",268
"2020-04-29",6594
"2020-04-28",8882
"2020-04-27",10752
"2020-04-26",7753
"2020-04-25",14364
"2020-04-24",1558
"2020-04-23",6200
"2020-04-22",294
"2020-04-21",1387
"2020-04-20",5118
"2020-04-19",226
"2020-04-18",228
"2020-04-17",5386
"2020-04-16",3645
"2020-04-15",5641
"2020-04-14",5901
"2020-04-13",8333
"2020-04-12",3826
"2020-04-11",5742
"2020-04-10",3183
"2020-04-09",5273
"2020-04-08",4442
"2020-04-07",421
"2020-04-06",10835
"2020-04-05",1608
"2020-04-03",11550
"2020-04-02",4017
"2020-04-01",9708
"2020-03-31",1382
"2020-03-30",8529
"2020-03-29",3486
"2020-03-28",846
"2020-03-27",3722
"2020-03-26",9857
"2020-03-25",6340
"2020-03-24",9441
"2020-03-23",6764
"2020-03-22",9527
"2020-03-21",3696
"2020-03-20",4489
"2020-03-19",2505
"2020-03-18",8616
"2020-03-17",1365
"2020-03-16",7243
"2020-03-15",2699
"2020-03-14",1399
"2020-03-13",1641
"2020-03-12",5500
"2020-03-11",8048
"2020-03-10",6345
"2020-03-09",7795
"2020-03-08",3299
"2020-03-07",6735
"2020-03-06",3751
"2020-03-05",5172
"2020-03-04",6569
"2020-03-03",8869
"2020-03-02",5937
"2020-03-01",6761
"2020-02-29",6292
"2020-02-28",7480
"2020-02-27",9408
"2020-02-26",3327
"2020-02-25",8548
"2020-02-24",2896
"2020-02-23",4513
"2020-02-22",6624
"2020-02-21",5307
"2020-02-20",6501
"2020-02-19",3768
"2020-02-18",13386
"2020-02-17",4284
"2020-02-16",3898
"2020-02-15",4120
"2020-02-14",8234
"2020-02-13",6296
"2020-02-12",7421
"2020-02-11",9577
"2020-02-10",4353
"2020-02-09",2636
"2020-02-08",4343
"2020-02-07",6495
"2020-02-06",10397
"2020-02-05",4745
"2020-02-04",10381
"2020-02-03",8123
"2020-02-02",1710
"2020-02-01",5961
"2020-01-31",8480
"2020-01-30",8497
"2020-01-29",5658
"2020-01-28",8767
"2020-01-27",3303
"2020-01-26",6521
"2020-01-25",2466
"2020-01-24",3565
"2020-01-23",8866
"2020-01-22",3255
"2020-01-21",8487
"2020-01-20",3290
"2020-01-19",3970
"2020-01-18",1184
"2020-01-17",5973
"2020-01-16",6238
"2020-01-15",5043
"2020-01-14",10582
"2020-01-13",6861
"2020-01-12",2834
"2020-01-11",3775
"2020-01-10",7556
"2020-01-09",9707
"2020-01-08",2855
"2020-01-07",12636
"2020-01-06",5596
"2020-01-05",4221
"2020-01-04",2560
"2020-01-03",4412
"2020-01-02",5661
"2020-01-01",9288
"2019-12-31",10108
"2019-12-30",10138
"2019-12-29",5671
"2019-12-28",11174
"2019-12-27",8433
"2019-12-26",9727
"2019-12-25",6596
"2019-12-24",5901
"2019-12-23",6767
"2019-12-22",2503
"2019-12-21",4931
"2019-12-20",6694
"2019-12-19",5789
"2019-12-18",7421
"2019-12-17",8958
"2019-12-16",4593
"2019-12-15",11221
"2019-12-14",18252
"2019-12-13",11833
"2019-12-12",8746
"2019-12-11",6261
"2019-12-10",4550
"2019-12-09",6173
"2019-12-08",3775
"2019-12-07",3617
"2019-12-06",4674
"2019-12-05",10109
"2019-12-04",4885
"2019-12-03",8630
"2019-12-02",2090
"2019-12-01",3356
"2019-11-30",18911
"2019-11-29",4503
"2019-11-28",5669
"2019-11-27",2602
"2019-11-26",6094
"2019-11-25",2919
"2019-11-24",5332
"2019-11-23",2835
"2019-11-22",3076
"2019-11-21",10464
"2019-11-20",4447
"2019-11-19",6980
"2019-11-18",6301
"2019-11-17",3093
"2019-11-16",5203
"2019-11-15",16009
"2019-11-14",4887
"2019-11-13",4933
"2019-11-12",8937
"2019-11-11",4270
"2019-11-10",10129
"2019-11-09",7234
"2019-11-08",2166
"2019-11-07",7251
"2019-11-06",7832
"2019-11-05",8746
"2019-11-04",3597
"2019-11-03",13059
"2019-11-02",3987
"2019-11-01",4877
"2019-10-31",6526
"2019-10-30",4914
"2019-10-29",4789
"2019-10-28",8886
"2019-10-27",2407
"2019-10-26",7730
"2019-10-25",6562
"2019-10-24",7553
"2019-10-23",2412
"2019-10-22",5287
"2019-10-21",4975
"2019-10-20",5620
"2019-10-19",1284
"2019-10-18",2490
"2019-10-17",7615
"2019-10-16",8817
"2019-10-15",4858
"2019-10-14",2212
"2019-10-13",5842
"2019-10-12",6715
"2019-10-11",5689
"2019-10-10",11062
"2019-10-09",3565
"2019-10-08",5726
"2019-10-07",4259
"2019-10-06",8275
"2019-10-05",2340
"2019-10-04",8065
"2019-10-03",7561
"2019-10-02",6801
"2019-10-01",5710
"2019-09-30",7653
"2019-09-29",14729
"2019-09-28",9166
"2019-09-27",8179
"2019-09-26",13334
"2019-09-25",13575
"2019-09-24",10708
"2019-09-23",13372
"2019-09-22",6743
"2019-09-21",8538
"2019-09-20",13744
"2019-09-19",7776
"2019-09-18",12761
"2019-09-17",11704
"2019-09-16",12247
"2019-09-15",12099
"2019-09-14",12691
"2019-09-13",6832
"2019-09-12",16335
"2019-09-11",6911
"2019-09-10",3550
"2019-09-09",4165
"2019-09-08",2912
"2019-09-07",18720
"2019-09-06",10887
"2019-09-05",2885
"2019-09-04",2717
"2019-09-03",10975
"2019-09-02",4412
"2019-09-01",12066
"2019-08-31",11334
"2019-08-30",7126
"2019-08-29",9007
"2019-08-28",3729
"2019-08-27",7219
"2019-08-26",10000
"2019-08-25",7219
"2019-08-24",5932
"2019-08-23",8157
"2019-08-22",6901
"2019-08-21",11733
"2019-08-20",11117
"2019-08-19",11513
"2019-08-18",7727
"2019-08-17",7168
"2019-08-16",3388
"2019-08-15",12773
"2019-08-14",10705
"2019-08-13",13258
"2019-08-12",9253
"2019-08-11",5487
"2019-08-10",3863
"2019-08-09",7731
"2019-08-08",12745
"2019-08-07",7864
"2019-08-06",12072
"2019-08-05",7438
"2019-08-04",4266
"2019-08-03",7236
"2019-08-02",8606
"2019-08-01",8351
"2019-07-31",7769
"2019-07-30",12770
"2019-07-29",4391
"2019-07-28",13190
"2019-07-27",22351
"2019-07-26",4226
"2019-07-25",13760
"2019-07-24",15635
"2019-07-23",13734
"2019-07-22",7777
"2019-07-21",8164
"2019-07-20",7880
"2019-07-19",11088
"2019-07-18",11600
"2019-07-17",14457
"2019-07-16",10840
"2019-07-15",6118
"2019-07-14",7783
"2019-07-13",7497
"2019-07-12",8369
"2019-07-11",17320
"2019-07-10",15379
"2019-07-09",12414
"2019-07-08",8055
"2019-07-07",13939
"2019-07-06",9845
"2019-07-05",5785
"2019-07-04",14212
"2019-07-03",11003
"2019-07-02",14534
"2019-07-01",7878
"2019-06-30",7834
"2019-06-29",13313
"2019-06-28",4952
"2019-06-27",12519
"2019-06-26",9662
"2019-06-25",15502
"2019-06-24",7290
"2019-06-23",11494
"2019-06-22",8461
"2019-06-21",18730
"2019-06-20",12106
"2019-06-19",9745
"2019-06-18",6945
"2019-06-17",11857
"2019-06-16",7733
"2019-06-15",11217
"2019-06-14",3861
"2019-06-13",10321
"2019-06-12",12927
"2019-06-11",24207
"2019-06-10",18199
"2019-06-09",13902
"2019-06-08",4915
"2019-06-07",14648
"2019-06-06",12691
"2019-06-05",14243
"2019-06-04",10230
"2019-06-03",10015
"2019-06-02",2539
"2019-06-01",7583
"2019-05-31",9383
"2019-05-30",11442
"2019-05-29",12876
"2019-05-28",13479
"2019-05-27",7546
"2019-05-26",10628
"2019-05-25",12430
"2019-05-24",7374
"2019-05-23",12761
"2019-05-22",19086
"2019-05-21",13322
"2019-05-20",9041
"2019-05-19",5696
"2019-05-18",12632
"2019-05-17",8765
"2019-05-16",9425
"2019-05-15",11643
"2019-05-14",11077
"2019-05-13",9585
"2019-05-12",12757
"2019-05-11",10523
"2019-05-10",12388
"2019-05-09",21733
"2019-05-08",14869
"2019-05-07",17404
"2019-05-06",15186
"2019-05-05",16434
"2019-05-04",4462
"2019-05-03",12013
"2019-05-02",11568
"2019-05-01",16146
"2019-04-30",15546
"2019-04-29",17408
"2019-04-28",12185
"2019-04-27",9462
"2019-04-26",16341
"2019-04-25",17674
"2019-04-24",10801
"2019-04-23",14642
"2019-04-22",15279
"2019-04-21",14256
"2019-04-20",8561
"2019-04-19",17056
"2019-04-18",11525
"2019-04-17",16192
"2019-04-16",12637
"2019-04-15",8834
"2019-04-14",14347
"2019-04-13",6008
"2019-04-12",18824
"2019-04-11",14339
"2019-04-10",7066
"2019-04-09",11033
"2019-04-08",11622
"2019-04-07",4208
"2019-04-06",5852
"2019-04-05",20050
"2019-04-04",14145
"2019-04-03",6491
"2019-04-02",10592
"2019-04-01",10547
"2019-03-31",10691
"2019-03-30",7979
"2019-03-29",17564
"2019-03-28",7088
"2019-03-27",12748
"2019-03-26",17434
"2019-03-25",3877
"2019-03-24",18854
"2019-03-23",15244
"2019-03-22",9745
"2019-03-21",20393
"2019-03-20",11562
"2019-03-19",18687
"2019-03-18",12049
"2019-03-17",17728
"2019-03-16",10980
"2019-03-15",12690
"2019-03-14",5914
"2019-03-13",10373
"2019-03-12",7549
"2019-03-11",10584
"2019-03-10",7132
"2019-03-09",14142
"2019-03-08",10836
"2019-03-07",12656
"2019-03-06",6119
"2019-03-05",6179
"2019-03-04",8133
"2019-03-03",14576
"2019-03-02",12675
"2019-03-01",11943
"2019-02-28",9688
"2019-02-27",7103
"2019-02-26",6979
"2019-02-25",5539
"2019-02-24",5981
"2019-02-23",13943
"2019-02-22",12164
"2019-02-21",9979
"2019-02-20",8261
"2019-02-19",11348
"2019-02-18",7894
"2019-02-17",10778
"2019-02-16",10604
"2019-02-15",11159
"2019-02-14",5714
"2019-02-13",10442
"2019-02-12",13265
"2019-02-11",5074
"2019-02-10",7220
"2019-02-09",11401
"2019-02-08",13123
"2019-02-07",12485
"2019-02-06",6431
"2019-02-05",6385
"2019-02-04",4774
"2019-02-03",10670
"2019-02-02",13604
"2019-02-01",11013
"2019-01-31",4263
"2019-01-30",12901
"2019-01-29",9171
"2019-01-28",10804
"2019-01-27",6518
"2019-01-26",10197
"2019-01-25",13887
"2019-01-24",7395
"2019-01-23",5861
"2019-01-22",8070
"2019-01-21",4474
"2019-01-20",8109
"2019-01-19",13249
"2019-01-18",7245
"2019-01-17",6498
"2019-01-16",11658
"2019-01-15",6391
"2019-01-14",6365
"2019-01-13",10691
"2019-01-12",3904
"2019-01-11",10576
"2019-01-10",7230
"2019-01-09",11031
"2019-01-08",12097
"2019-01-07",12236
"2019-01-06",2479
"2019-01-05",9399
"2019-01-04",5381
"2019-01-03",8040
"2019-01-02",7394
"2019-01-01",4081
"2018-12-31",4727
"2018-12-30",2726
"2018-12-29",3075
"2018-12-28",7126
"2018-12-27",6255
"2018-12-26",5443
"2018-12-25",6689
"2018-12-24",2301
"2018-12-23",3966
"2018-12-22",7332
"2018-12-21",8796
"2018-12-20",5075
"2018-12-19",7407
"2018-12-18",7866
"2018-12-17",3132
"2018-12-16",8077
"2018-12-15",9658
"2018-12-14",11994
"2018-12-13",11525
"2018-12-12",8036
"2018-12-11",12121
"2018-12-10",3606
"2018-12-09",5656
"2018-12-08",10879
"2018-12-07",5640
"2018-12-03",40998
"2018-11-26",62693
"2018-11-17",64715
"2018-11-16",11221
"2018-11-15",3051
"2018-11-10",48863
"2018-11-09",9817
"2018-11-08",9349
"2018-11-07",6540
"2018-11-06",8631
"2018-11-05",4008
"2018-11-04",1881
"2018-11-03",3891
"2018-11-02",12351
"2018-11-01",10383
"2018-10-31",9372
"2018-10-30",16768
"2018-10-29",10225
"2018-10-28",14809
"2018-10-27",6755
"2018-10-26",12288
"2018-10-25",10021
"2018-10-24",5033
"2018-10-23",8604
"2018-10-22",13294
"2018-10-21",14960
"2018-10-20",11318
"2018-10-19",10219
"2018-10-18",8049
"2018-10-17",13447
"2018-10-16",5804
"2018-10-14",18142
"2018-10-13",4217
"2018-10-12",8350
"2018-10-11",8173
"2018-10-10",7086
"2018-10-09",9361
"2018-10-08",6988
"2018-10-07",14768
"2018-10-06",18249
"2018-10-05",9035
"2018-10-04",13849
"2018-10-03",8651
"2018-10-02",7842
"2018-10-01",14912
"2018-09-30",2736
"2018-09-29",12510
"2018-09-28",10162
"2018-09-27",16452
"2018-09-26",7629
"2018-09-25",7794
"2018-09-24",6584
"2018-09-23",13743
"2018-09-22",4953
"2018-09-21",12900
"2018-09-20",9136
"2018-09-19",14767
"2018-09-18",15112
"2018-09-17",3825
"2018-09-16",6116
"2018-09-15",4102
"2018-09-14",5575
"2018-09-13",6875
"2018-09-12",15565
"2018-09-11",6523
"2018-09-10",7493
"2018-09-09",6410
"2018-09-08",14377
"2018-09-07",5909
"2018-09-06",6204
"2018-09-05",6045
"2018-09-04",10028
"2018-09-03",9663
"2018-09-02",12113
"2018-09-01",3722
"2018-08-31",16914
"2018-08-30",6151
"2018-08-29",4739
"2018-08-28",8804
"2018-08-27",9158
"2018-08-26",1341
"2018-08-25",8591
"2018-08-24",10502
"2018-08-23",5362
"2018-08-22",6560
"2018-08-21",9802
"2018-08-20",7342
"2018-08-19",7843
"2018-08-18",11336
"2018-08-17",13099
"2018-08-16",6232
"2018-08-15",5890
"2018-08-14",5070
"2018-08-13",7054
"2018-08-12",2790
"2018-08-11",11338
"2018-08-10",14122
"2018-08-09",9355
"2018-08-08",6840
"2018-08-07",3349
"2018-08-06",5339
"2018-08-05",4505
"2018-08-04",18498
"2018-08-03",9670
"2018-08-02",7051
"2018-08-01",5226
"2018-07-31",9411
"2018-07-30",8844
"2018-07-29",8759
"2018-07-28",2425
"2018-07-27",3621
"2018-07-26",6083
"2018-07-25",14483
"2018-07-24",1599
"2018-07-23",9351
"2018-07-22",5351
"2018-07-21",9740
"2018-07-20",5187
"2018-07-19",10089
"2018-07-18",5678
"2018-07-17",8335
"2018-07-16",9487
"2018-07-15",8472
"2018-07-14",8305
"2018-07-13",3804
"2018-07-12",6584
"2018-07-11",4092
"2018-07-10",5992
"2018-07-09",9342
"2018-07-08",4702
"2018-07-07",12269
"2018-07-06",9274
"2018-07-05",7457
"2018-07-04",6858
"2018-07-03",5398
"2018-07-02",10421
"2018-07-01",11025
"2018-06-30",3284
"2018-06-29",5576
"2018-06-28",10090
"2018-06-27",5141
"2018-06-26",1155
"2018-06-25",6672
"2018-06-24",5121
"2018-06-23",7515
"2018-06-22",21226
"2018-06-21",7743
"2018-06-20",4100
"2018-06-19",3095
"2018-06-18",11101
"2018-06-17",6832
"2018-06-16",4379
"2018-06-15",5490
"2018-06-14",6419
"2018-06-13",6863
"2018-06-12",9728
"2018-06-11",12117
"2018-06-10",3742
"2018-06-09",12297
"2018-06-08",15404
"2018-06-07",4068
"2018-06-06",9713
"2018-06-05",4471
"2018-06-04",11240
"2018-06-03",3637
"2018-06-02",5324
"2018-06-01",9277
"2018-05-31",4028
"2018-05-30",8538
"2018-05-29",8362
"2018-05-28",4014
"2018-05-27",20451
"2018-05-26",8656
"2018-05-25",13798
"2018-05-24",8622
"2018-05-23",8383
"2018-05-22",6239
"2018-05-21",10423
"2018-05-20",4108
"2018-05-19",7323
"2018-05-18",18712
"2018-05-17",5841
"2018-05-16",6584
"2018-05-15",6227
"2018-05-14",11833
"2018-05-13",7667
"2018-05-12",13992
"2018-05-11",8667
"2018-05-10",5515
"2018-05-09",8966
"2018-05-08",5595
"2018-05-07",9299
"2018-05-06",2558
"2018-05-05",9788
"2018-05-04",7076
"2018-05-03",10590
"2018-05-02",9895
"2018-05-01",8508
"2018-04-30",7324
"2018-04-29",8557
"2018-04-28",5480
"2018-04-27",9580
"2018-04-26",10383
"2018-04-25",9645
"2018-04-24",6291
"2018-04-23",10735
"2018-04-22",5202
"2018-04-21",8391
"2018-04-20",7974
"2018-04-19",7301
"2018-04-18",8179
"2018-04-17",5108
"2018-04-16",9300
"2018-04-15",7291
"2018-04-14",8866
"2018-04-13",11688
"2018-04-12",7392
"2018-04-11",8934
"2018-04-10",8567
"2018-04-09",15830
"2018-04-08",4705
"2018-04-07",3589
"2018-04-06",13297
"2018-04-05",15563
"2018-04-04",7278
"2018-04-03",9982
"2018-04-02",10119
"2018-04-01",3567
"2018-03-31",12609
"2018-03-30",4476
"2018-03-29",9731
"2018-03-28",4719
"2018-03-27",11382
"2018-03-26",4470
"2018-03-25",2025
"2018-03-24",6298
"2018-03-23",4508
"2018-03-22",11256
"2018-03-21",7039
"2018-03-20",7462
"2018-03-19",9832
"2018-03-18",7910
"2018-03-17",7841
"2018-03-16",10710
"2018-03-15",5742
"2018-03-14",9495
"2018-03-13",5669
"2018-03-12",7840
"2018-03-11",7669
"2018-03-10",7616
"2018-03-09",9067
"2018-03-08",8851
"2018-02-28",9095
"2018-02-27",9058
"2018-02-26",9124
"2018-02-25",7235
"2018-02-24",7867
"2018-02-23",8904
"2018-02-22",9707
"2018-02-21",7180
"2018-02-20",8488
"2018-02-19",9886
"2018-02-18",12782
"2018-02-17",7772
"2018-02-16",10117
"2018-02-15",6408
"2018-02-14",9596
"2018-02-13",8214
"2018-02-12",11168
"2018-02-11",5916
"2018-02-10",9538
"2018-02-09",7629
"2018-02-08",9658
"2018-02-07",8995
"2018-02-06",16445
"2018-02-05",13357
"2018-02-04",19668
"2018-02-03",8840
"2018-02-02",20571
"2018-02-01",10616
"2018-01-31",8529
"2018-01-30",7545
"2018-01-29",5572
"2018-01-28",6870
"2018-01-27",9788
"2018-01-26",9111
"2018-01-25",7386
"2018-01-24",9544
"2018-01-23",11295
"2018-01-22",7219
"2018-01-21",4881
"2018-01-20",11038
"2018-01-19",9724
"2018-01-18",7473
"2018-01-17",11945
"2018-01-16",11871
"2018-01-15",2280
"2018-01-14",13052
"2018-01-13",11076
"2018-01-12",10901
"2018-01-11",9954
"2018-01-10",7432
"2018-01-09",9212
"2018-01-08",13112
"2018-01-07",3237
"2018-01-06",5329
"2018-01-05",6893
"2018-01-04",7424
"2018-01-03",2961
"2018-01-02",9203
"2018-01-01",2894
"2017-12-31",17877
"2017-12-30",8917
"2017-12-29",6899
"2017-12-28",10216
"2017-12-27",3796
"2017-12-26",4499
"2017-12-25",4926
"2017-12-24",9102
"2017-12-23",12193
"2017-12-22",4930
"2017-12-21",7309
"2017-12-20",3766
"2017-12-19",11383
"2017-12-18",10636
"2017-12-17",5096
"2017-12-16",6094
"2017-12-15",10589
"2017-12-14",10717
"2017-12-13",19110
"2017-12-12",5555
"2017-12-11",10777
"2017-12-10",9233
"2017-12-09",6916
"2017-12-08",8663
"2017-12-07",9121
"2017-12-06",8733
"2017-12-05",5915
"2017-12-04",11627
"2017-12-03",12189
"2017-12-02",9841
"2017-12-01",7963
"2017-11-30",6666
"2017-11-29",9690
"2017-11-28",9480
"2017-11-27",6984
"2017-11-26",8946
"2017-11-25",5252
"2017-11-24",11842
"2017-11-23",6094
"2017-11-22",8449
"2017-11-21",9237
"2017-11-20",10700
"2017-11-19",5199
"2017-11-18",6304
"2017-11-17",8555
"2017-11-16",5880
"2017-11-15",14474
"2017-11-14",3974
"2017-11-13",6805
"2017-11-12",6856
"2017-11-11",4983
"2017-11-10",8038
"2017-11-09",6816
"2017-11-08",6421
"2017-11-07",9024
"2017-11-06",8758
"2017-11-05",12194
"2017-11-04",14182
"2017-11-03",7518
"2017-11-02",5775
"2017-11-01",6534
"2017-10-31",8333
"2017-10-30",5876
"2017-10-29",10312
"2017-10-28",3594
"2017-10-27",12076
"2017-10-26",8309
"2017-10-25",6561
"2017-10-24",6140
"2017-10-23",10213
"2017-10-22",3551
"2017-10-21",6745
"2017-10-20",13732
"2017-10-19",7245
"2017-10-18",7688
"2017-10-17",5920
"2017-10-16",11808
"2017-10-15",16889
"2017-10-14",10041
"2017-10-13",6521
"2017-10-12",4118
"2017-10-11",9682
"2017-10-10",8869
"2017-10-09",6548
"2017-10-08",3391
"2017-10-07",9998
"2017-10-06",5939
"2017-10-05",3620
"2017-10-04",5771
"2017-10-03",9257
"2017-10-02",9796
"2017-10-01",7941
"2017-09-30",9178
"2017-09-29",10028
"2017-09-28",7699
"2017-09-27",6183
"2017-09-26",12195
"2017-09-25",10248
"2017-09-24",11636
"2017-09-23",7534
"2017-09-22",5512
"2017-09-21",11850
"2017-09-20",8521
"2017-09-19",6921
"2017-09-18",9878
"2017-09-17",6485
"2017-09-16",9719
"2017-09-15",10756
"2017-09-14",3381
"2017-09-13",6495
"2017-09-12",6976
"2017-09-11",8003
"2017-09-10",8076
"2017-09-09",16070
"2017-09-08",7022
"2017-09-07",11076
"2017-09-06",3520
"2017-09-05",9428
"2017-09-04",6668
"2017-09-03",5243
"2017-09-02",6717
"2017-09-01",14783
"2017-08-31",6682
"2017-08-30",7406
"2017-08-29",11174
"2017-08-28",7372
"2017-08-27",10472
"2017-08-26",4453
"2017-08-25",7776
"2017-08-24",3958
"2017-08-23",7270
"2017-08-22",8076
"2017-08-21",6438
"2017-08-20",15890
"2017-08-19",15285
"2017-08-18",9311
"2017-08-17",6984
"2017-08-16",7375
"2017-08-15",9844
"2017-08-14",9289
"2017-08-13",3588
"2017-08-12",7113
"2017-08-11",10757
"2017-08-10",10901
"2017-08-09",7157
"2017-08-08",5368
"2017-08-07",8439
"2017-08-06",10513
"2017-08-05",4481
"2017-08-04",9563
"2017-08-03",9283
"2017-08-02",4001
"2017-08-01",9538
"2017-07-31",7523
"2017-07-30",8821
"2017-07-29",2068
"2017-07-28",7129
"2017-07-27",17119
"2017-07-26",9379
"2017-07-25",11264
"2017-07-24",9799
"2017-07-23",4022
"2017-07-22",8345
"2017-07-21",10516
"2017-07-20",8185
"2017-07-19",6139
"2017-07-18",6481
"2017-07-17",11498
"2017-07-16",7866
"2017-07-15",10369
"2017-07-14",4441
"2017-07-13",5581
"2017-07-12",7261
"2017-07-11",5574
"2017-07-10",6075
"2017-07-09",6072
"2017-07-08",3754
"2017-07-07",2668
"2017-07-06",8554
"2017-07-05",8920
"2017-07-04",8463
"2017-07-03",8785
"2017-07-02",6137
"2017-07-01",18918
"2017-06-30",19866
"2017-06-29",9431
"2017-06-28",5537
"2017-06-27",9413
"2017-06-26",11865
"2017-06-25",9792
"2017-06-24",6229
"2017-06-23",15053
"2017-06-22",5444
"2017-06-21",4141
"2017-06-20",11806
"2017-06-19",6877
"2017-06-18",6875
"2017-06-17",4945
"2017-06-16",3369
"2017-06-15",3541
"2017-06-14",2646
"2017-06-13",7800
"2017-06-12",4091
"2017-06-11",6862
"2017-06-10",4169
"2017-06-09",8979
"2017-06-08",2859
"2017-06-07",7227
"2017-06-06",11522
"2017-06-05",9589
"2017-06-04",5868
"2017-06-03",3814
"2017-06-02",8878
"2017-06-01",7241
"2017-05-31",9596
"2017-05-30",9166
"2017-05-29",4638
"2017-05-28",4439
"2017-05-27",9165
"2017-05-26",14559
"2017-05-25",6044
"2017-05-24",9467
"2017-05-23",5991
"2017-05-22",9981
"2017-05-21",5867
"2017-05-20",8954
"2017-05-19",14209
"2017-05-18",10818
"2017-05-17",8164
"2017-05-16",9340
"2017-05-15",280
"2017-05-14",11611
"2017-05-13",8405
"2017-05-12",6878
"2017-05-11",9091
"2017-05-10",5690
"2017-05-09",11704
"2017-05-08",10809
"2017-05-07",8722
"2017-05-06",8473
"2017-05-05",12158
"2017-05-04",7301
"2017-05-03",13499
"2017-05-02",3977
"2017-05-01",8791
"2017-04-30",6101
"2017-04-29",6560
"2017-04-28",9458
"2017-04-27",11518
"2017-04-26",15286
"2017-04-25",6028
"2017-04-24",8471
"2017-04-23",5722
"2017-04-22",6897
"2017-04-21",12255
"2017-04-20",8123
"2017-04-19",5942
"2017-04-18",11452
"2017-04-17",6385
"2017-04-16",10852
"2017-04-15",5961
"2017-04-14",4173
"2017-04-13",7965
"2017-04-12",5531
"2017-04-11",6121
"2017-04-10",10671
"2017-04-09",9977
"2017-04-08",5771
"2017-04-07",13095
"2017-04-06",12289
"2017-04-05",14772
"2017-04-04",7875
"2017-04-03",16427
"2017-04-02",8064
"2017-04-01",7600
"2017-03-31",9987
"2017-03-30",2761
"2017-03-29",11253
"2017-03-28",8218
"2017-03-27",2745
"2017-03-26",9315
"2017-03-25",13341
"2017-03-24",5572
"2017-03-23",11776
"2017-03-22",10965
"2017-03-21",8514
"2017-03-20",8018
"2017-03-19",9209
"2017-03-18",8718
"2017-03-17",6802
"2017-03-16",6283
"2017-03-15",7864
"2017-03-14",7110
"2017-03-13",7054
"2017-03-12",6652
"2017-03-11",10592
"2017-03-10",15198
"2017-03-09",6091
"2017-03-08",6054
"2017-03-07",6354
"2017-03-06",8480
"2017-03-05",9452
"2017-03-04",6036
"2017-03-03",10577
"2017-03-02",7861
"2017-03-01",7712
"2017-02-28",5641
"2017-02-27",12876
"2017-02-26",9207
"2017-02-25",6271
"2017-02-24",8455
"2017-02-23",6614
"2017-02-22",7993
"2017-02-21",6585
"2017-02-20",7688
"2017-02-19",8774
"2017-02-18",10976
"2017-02-17",11891
"2017-02-16",7198
"2017-02-15",7471
"2017-02-14",5263
"2017-02-13",7983
"2017-02-12",11000
"2017-02-11",9480
"2017-02-10",8241
"2017-02-09",5783
"2017-02-08",8065
"2017-02-07",8199
"2017-02-06",13927
"2017-02-05",5179
"2017-02-04",9550
"2017-02-03",9373
"2017-02-02",7028
"2017-02-01",6197
"2017-01-31",10748
"2017-01-30",9644
"2017-01-29",5767
"2017-01-28",6588
"2017-01-27",8081
"2017-01-26",8150
"2017-01-25",8638
"2017-01-24",9234
"2017-01-23",5829
"2017-01-22",6280
"2017-01-21",9627
"2017-01-20",6928
"2017-01-19",7387
"2017-01-18",8117
"2017-01-17",11944
"2017-01-16",7259
"2017-01-15",10000
"2017-01-14",7743
"2017-01-13",9184
"2017-01-12",6390
"2017-01-11",12935
"2017-01-10",6538
"2017-01-09",6507
"2017-01-08",9001
"2017-01-07",6609
"2017-01-06",10876
"2017-01-05",8348
"2017-01-04",6651
"2017-01-03",3635
"2017-01-02",12076
"2017-01-01",9423
"2016-12-31",7954
"2016-12-30",5011
"2016-12-29",5292
"2016-12-28",11692
"2016-12-27",6509
"2016-12-26",9197
"2016-12-25",1582
"2016-12-24",3965
"2016-12-23",14330
"2016-12-22",9914
"2016-12-21",4979
"2016-12-20",8021
"2016-12-19",4035
"2016-12-18",6483
"2016-12-17",8968
"2016-12-16",4414
"2016-12-15",3781
"2016-12-14",2546
"2016-12-13",6674
"2016-12-12",3762
"2016-12-11",3642
"2016-12-10",10211
"2016-12-09",3863
"2016-12-08",12370
"2016-12-07",11551
"2016-12-06",8409
"2016-12-05",8690
"2016-12-04",4741
"2016-12-03",4392
"2016-12-02",9253
"2016-12-01",10454
"2016-11-30",9095
"2016-11-29",11697
"2016-11-28",6666
"2016-11-27",3423
"2016-11-26",6703
"2016-11-25",13753
"2016-11-24",3498
"2016-11-23",8708
"2016-11-22",12194
"2016-11-21",5868
"2016-11-20",6312
"2016-11-19",12261
"2016-11-18",7759
"2016-11-17",7192
"2016-11-16",7113
"2016-11-15",11248
"2016-11-14",9912
"2016-11-13",6313
"2016-11-12",7272
"2016-11-11",11085
"2016-11-10",11535
"2016-11-09",7992
"2016-11-08",10932
"2016-11-07",8650
"2016-11-06",12553
"2016-11-05",5487
"2016-11-04",10593
"2016-11-03",6335
"2016-11-02",6172
"2016-11-01",9134
"2016-10-31",9462
"2016-10-30",6358
"2016-10-29",10611
"2016-10-28",10015
"2016-10-27",10927
"2016-10-26",6027
"2016-10-25",11501
"2016-10-24",11864
"2016-10-23",6727
"2016-10-22",23286
"2016-10-21",6468
"2016-10-20",6611
"2016-10-19",8929
"2016-10-18",12212
"2016-10-17",6843
"2016-10-16",7126
"2016-10-15",11114
"2016-10-14",14636
"2016-10-13",11623
"2016-10-12",7551
"2016-10-11",9400
"2016-10-10",9479
"2016-10-09",4495
"2016-10-08",12920
"2016-10-07",12482
"2016-10-06",8780
"2016-10-05",7505
"2016-10-04",6808
"2016-10-03",6655
"2016-10-02",7990
"2016-10-01",7444
"2016-09-30",17465
"2016-09-29",8827
"2016-09-28",9230
"2016-09-27",8385
"2016-09-26",9552
"2016-09-25",14122
"2016-09-24",9252
"2016-09-23",5665
"2016-09-22",11878
"2016-09-21",6735
"2016-09-20",12493
"2016-09-19",13380
"2016-09-18",8378
"2016-09-17",11785
"2016-09-16",6783
"2016-09-15",5671
"2016-09-14",8933
"2016-09-13",5854
"2016-09-12",9406
"2016-09-11",1981
"2016-09-10",8371
"2016-09-09",9578
"2016-09-08",6306
"2016-09-07",3802
"2016-09-06",11908
"2016-09-05",9688
"2016-09-04",7520
"2016-09-03",5501
"2016-09-02",7791
"2016-09-01",9912
"2016-08-31",10255
"2016-08-30",9398
"2016-08-29",6188
"2016-08-28",8564
"2016-08-27",9393
"2016-08-26",13782
"2016-08-25",5765
"2016-08-24",11008
"2016-08-23",6783
"2016-08-22",7935
"2016-08-21",5966
"2016-08-20",7260
"2016-08-19",9143
"2016-08-18",6133
"2016-08-17",14194
"2016-08-16",36039
"2016-08-15",18291
"2016-08-14",9478
"2016-08-13",16713
"2016-08-12",6225
"2016-08-11",7892
"2016-08-10",8035
"2016-08-09",8795
"2016-08-08",11599
"2016-08-07",6323
"2016-08-06",5133
"2016-08-05",9792
"2016-08-04",11009
"2016-08-03",5384
"2016-08-02",6494
"2016-08-01",9049
"2016-07-31",3746
"2016-07-30",2236
"2016-07-29",5361
"2016-07-28",12386
"2016-07-27",7923
"2016-07-26",6740
"2016-07-25",15357
"2016-07-24",13287
"2016-07-23",7618
"2016-07-22",9626
"2016-07-21",13167
"2016-07-20",9296
"2016-07-19",6660
"2016-07-18",6953
"2016-07-17",10463
"2016-07-16",14991
"2016-07-15",12065
"2016-07-14",12900
"2016-07-13",7140
"2016-07-12",15044
"2016-07-11",10046
"2016-07-10",6089
"2016-07-09",10699
"2016-07-08",18340
"2016-07-07",9812
"2016-07-06",12702
"2016-07-05",13800
"2016-07-04",12742
"2016-07-03",7554
"2016-07-02",15433
"2016-07-01",6242
"2016-06-30",12710
"2016-06-29",5916
"2016-06-28",13213
"2016-06-27",7221
"2016-06-26",12554
"2016-06-25",8809
"2016-06-24",7432
"2016-06-23",7117
"2016-06-22",7907
"2016-06-21",6863
"2016-06-20",10250
"2016-06-19",9221
"2016-06-18",12754
"2016-06-17",23964
"2016-06-16",11681
"2016-06-15",12519
"2016-06-14",19864
"2016-06-13",17691
"2016-06-12",14325
"2016-06-11",11414
"2016-06-10",10600
"2016-06-09",9108
"2016-06-08",4180
"2016-06-07",12715
"2016-06-06",8913
"2016-06-05",8791
"2016-06-04",13500
"2016-06-03",9958
"2016-06-02",7445
"2016-06-01",7457
"2016-05-31",4949
"2016-05-30",13335
"2016-05-29",7077
"2016-05-28",12584
"2016-05-27",22104
"2016-05-26",7454
"2016-05-25",10529
"2016-05-24",13042
"2016-05-23",13025
"2016-05-22",11150
"2016-05-21",4940
"2016-05-20",4845
"2016-05-19",5950
"2016-05-18",10081
"2016-05-17",7113
"2016-05-16",8695
"2016-05-15",3731
"2016-05-14",6560
"2016-05-13",7237
"2016-05-12",6461
"2016-05-11",6250
"2016-05-10",6038
"2016-05-09",9284
"2016-05-08",12586
"2016-05-07",7559
"2016-05-06",9858
"2016-05-05",7949
"2016-05-04",8084
"2016-05-03",15319
"2016-05-02",9813
"2016-05-01",5965
"2016-04-30",11168
"2016-04-29",9854
"2016-04-28",6007
"2016-04-27",6921
"2016-04-26",5522
"2016-04-25",9852
"2016-04-24",2041
"2016-04-23",13536
"2016-04-22",12550
"2016-04-21",10302
"2016-04-20",10595
"2016-04-19",10703
"2016-04-18",7660
"2016-04-17",4145
"2016-04-16",9435
"2016-04-15",8009
"2016-04-14",7600
"2016-04-13",4414
"2016-04-12",7069
"2016-04-11",7234
"2016-04-10",7786
"2016-04-09",5107
"2016-04-08",15969
"2016-04-07",6132
"2016-04-06",8434
"2016-04-05",6435
"2016-04-04",8801
"2016-04-03",7351
"2016-04-02",25120
"2016-04-01",8685
"2016-03-31",10974
"2016-03-30",5726
"2016-03-29",16437
"2016-03-28",8256
"2016-03-27",10460
"2016-03-26",15968
"2016-03-25",12235
"2016-03-24",8187
"2016-03-23",8787
"2016-03-22",22839
"2016-03-21",12418
"2016-03-20",16072
"2016-03-19",12989
"2016-03-18",10711
"2016-03-17",15476
"2016-03-16",8059
"2016-03-15",7182
"2016-03-14",9316
"2016-03-13",8117
"2016-03-12",6803
"2016-03-11",7964
"2016-03-10",5090
"2016-03-09",11183
"2016-03-08",5477
"2016-03-07",9369
"2016-03-06",10881
"2016-03-05",4906
"2016-03-04",7391
"2016-03-03",10880
"2016-03-02",7204
"2016-03-01",6834
"2016-02-29",6205
"2016-02-28",1407
"2016-02-27",7486
"2016-02-26",5320
"2016-02-25",7058
"2016-02-24",14220
"2016-02-23",6767
"2016-02-22",14106
"2016-02-21",6242
"2016-02-20",8704
"2016-02-19",8542
"2016-02-18",5454
"2016-02-17",10940
"2016-02-16",6978
"2016-02-15",7733
"2016-02-14",4638
"2016-02-13",12994
"2016-02-12",14180
"2016-02-11",7292
"2016-02-10",4933
"2016-02-09",12868
"2016-02-08",12320
"2016-02-07",7013
"2016-02-06",9153
"2016-02-05",7159
"2016-02-04",8550
"2016-02-03",6283
"2016-02-02",10474
"2016-02-01",9229
"2016-01-31",9913
"2016-01-30",14020
"2016-01-29",13264
"2016-01-28",6402
"2016-01-27",6747
"2016-01-26",6525
"2016-01-25",7445
"2016-01-24",4325
"2016-01-23",5609
"2016-01-22",12155
"2016-01-21",4838
"2016-01-20",6630
"2016-01-19",7047
"2016-01-18",7109
"2016-01-17",2588
"2016-01-16",18583
"2016-01-15",7276
"2016-01-14",6213
"2016-01-13",6556
"2016-01-12",6404
"2016-01-11",7185
"2016-01-10",16655
"2016-01-09",1289
"2016-01-08",5866
"2016-01-07",5857
"2016-01-06",8863
"2016-01-05",6018
